[
    {
        "fields": {
           "date_created": "2015-11-02 00:57:53",
            "name": "True Blue"
        },
        "model": "base.Neighborhood",
        "pk": "dcdf144e-c36b-463e-9314-d24f932b3fc0"
    },
    {
        "fields": {
            "date_created": "2015-11-02 00:57:53",
            "name": "Lance aux Epines"
        },
        "model": "base.Neighborhood",
        "pk": "dcdf144e-c36b-463e-9314-d24f932b3fc1"
    },
    {
        "fields": {
            "date_created": "2015-11-02 00:57:53",
            "name": "Calliste/Point Salines/Frequente"
        },
        "model": "base.Neighborhood",
        "pk": "dcdf144e-c36b-463e-9314-d24f932b3fc2"
    },
    {
        "fields": {
            "date_created": "2015-11-02 00:57:53",
            "name": "Grand Anse/Morne Rouge "
        },
        "model": "base.Neighborhood",
        "pk": "dcdf144e-c36b-463e-9314-d24f932b3fc3"
    },
    {
        "fields": {
            "date_created": "2015-11-02 00:57:53",
            "name": "Mont Tout"
        },
        "model": "base.Neighborhood",
        "pk": "dcdf144e-c36b-463e-9314-d24f932b3fc4"
    },
    {
        "fields": {
            "date_created": "2015-11-02 00:57:53",
            "name": "Other"
        },
        "model": "base.Neighborhood",
        "pk": "dcdf144e-c36b-463e-9314-d24f932b3fc5"
    }
]
