{ "_id" : { "$oid" : "57483cb86f1cad0a54716504" }, "customer_id" : "57506a6fcaef4f3b44daebe4", "state" : 1, "match" : "", "profile_priority" : 1, "rating_group" : 0, "customer_backhaul_settings" : [ { "connection_server_id" : { "$oid" : "574839ab6f1cad0a547164f8" }, "remote_host" : "49.34.33.123", "remote_port" : "5999", "type" : "", "loginid" : "afafdd", "password" : "dafdsaf", "token_id" : "344534asfadfqe432423444", "use_dynamic_token" : "0", "amqp_exchange" : "", "amqp_pub_code" : "", "amqp_sub_code" : "", "uplink_route" : "", "downlink_route" : "", "hello_route" : "", "error_route" : "", "routing_key" : "", "connection_status" : "", "state" : "1", "last_auto_update" : "Sun Jun 12 2016 14:36:47 GMT+0100 (BST)", "last_appl_change" : "Sun Jun 12 2016 14:37:22 GMT+0100 (BST)", "connection_server_last_seen" : "Sun Jun 10 2016 15:06:11 GMT+0100 (BST)" } ] }
{ "_id" : { "$oid" : "583cc50c5e94e54cb4245aa2" }, "customer_id" : "57506a6fcaef4f3b44daebe4", "state" : 1, "match" : "", "profile_priority" : 2, "rating_group" : 0, "customer_backhaul_settings" : [ { "connection_server_id" : { "$oid" : "5748398e6f1cad0a547164f6" }, "remote_host" : "120.23.144.12", "remote_port" : "7000", "type" : "", "loginid" : "qerefasf", "password" : "4aefaesfa", "token_id" : "", "use_dynamic_token" : "0", "amqp_exchange" : "msg", "amqp_pub_code" : "pub", "amqp_sub_code" : "sub", "uplink_route" : "uplink", "downlink_route" : "downlink", "hello_route" : "test", "error_route" : "failure", "routing_key" : "drasf", "connection_status" : "", "state" : 1, "last_auto_update" : "Sun Jun 12 2016 14:36:48 GMT+0100 (BST)", "last_appl_change" : "Sun Jun 12 2016 14:37:23 GMT+0100 (BST)", "connection_server_last_seen" : "Sun Jun 10 2016 15:06:12 GMT+0100 (BST)" } ] }
{ "_id" : { "$oid" : "583cc9515e94e54cb4245aa6" }, "customer_id" : "57506a6fcaef4f3b44daebe4", "state" : 1, "match" : "", "profile_priority" : 3, "rating_group" : 0, "customer_backhaul_settings" : [ { "connection_server_id" : { "$oid" : "583df4b55e94e5565c427d26" }, "remote_host" : "120.23.144.14", "remote_port" : "7000", "type" : "secondary", "loginid" : "qerefasf", "password" : "4aefaesfa", "token_id" : "", "use_dynamic_token" : "0", "amqp_exchange" : "msg", "amqp_pub_code" : "pub", "amqp_sub_code" : "sub", "uplink_route" : "uplink", "downlink_route" : "downlink", "hello_route" : "test", "error_route" : "failure", "routing_key" : "drasf", "connection_status" : "", "state" : 1, "last_auto_update" : "Sun Jun 12 2016 14:36:27 GMT+0100 (BST)", "last_appl_change" : "Sun Jun 12 2016 14:37:44 GMT+0100 (BST)", "connection_server_last_seen" : "Sun Jun 10 2016 15:06:24 GMT+0100 (BST)" } ] }
{ "_id" : { "$oid" : "583df09f5e94e54cb4245ac0" }, "customer_id" : "57506a6fcaef4f3b44daebe4", "state" : 1, "match" : "", "profile_priority" : 1, "rating_group" : 0, "customer_backhaul_settings" : [ { "connection_server_id" : { "$oid" : "583cc7db5e94e54cb4245aa4" }, "remote_host" : "120.23.144.13", "remote_port" : "8000", "type" : "", "loginid" : "qerefasf", "password" : "4aefaesfa", "token_id" : "aewq4rewfeaefafasf43444", "use_dynamic_token" : "1", "amqp_exchange" : "", "amqp_pub_code" : "", "amqp_sub_code" : "", "uplink_route" : "", "downlink_route" : "", "hello_route" : "", "error_route" : "", "routing_key" : "", "connection_status" : "", "state" : 1, "last_auto_update" : "TIMESTAMP", "last_appl_change" : "TIMESTAMP", "connection_server_last_seen" : "TIMESTAMP" } ] }
{ "_id" : { "$oid" : "583df1c45e94e54cb4245ac2" }, "customer_id" : "57506a6fcaef4f3b44daebe4", "state" : 1, "match" : "", "profile_priority" : 3, "rating_group" : 0, "customer_backhaul_settings" : [ { "connection_server_id" : { "$oid" : "574839ab6f1cad0a547164f8" }, "remote_host" : "120.23.144.15", "remote_port" : "8000", "type" : "primary", "loginid" : "qerefasf", "password" : "4aefaesfa", "token_id" : "aewq4rewfeaefafasf43444", "use_dynamic_token" : "1", "amqp_exchange" : "", "amqp_pub_code" : "", "amqp_sub_code" : "", "uplink_route" : "", "downlink_route" : "", "hello_route" : "", "error_route" : "", "routing_key" : "", "connection_status" : "", "state" : 1, "last_auto_update" : "Sun Jun 12 2016 14:32:47 GMT+0100 (BST)", "last_appl_change" : "Sun Jun 12 2016 14:35:22 GMT+0100 (BST)", "connection_server_last_seen" : "Sun Jun 10 2016 15:08:11 GMT+0100 (BST)" } ] }
{ "_id" : { "$oid" : "583df66f5e94e5565c427d28" }, "customer_id" : "583e096f5e94e5565c427d3e", "state" : 1, "match" : "", "profile_priority" : 1, "rating_group" : 0, "customer_backhaul_settings" : [ { "connection_server_id" : { "$oid" : "583cc7db5e94e54cb4245aa4" }, "remote_host" : "66.44.33.70", "remote_port" : "3000", "type" : "", "loginid" : "7978788", "password" : "hu65r544", "token_id" : "8uyomj87j69879ytt", "use_dynamic_token" : "1", "amqp_exchange" : "", "amqp_pub_code" : "", "amqp_sub_code" : "", "uplink_route" : "", "downlink_route" : "", "hello_route" : "", "error_route" : "", "routing_key" : "", "connection_status" : "", "state" : 1, "last_auto_update" : "TIMESTAMP", "last_appl_change" : "TIMESTAMP", "connection_server_last_seen" : "TIMESTAMP" } ] }
{ "_id" : { "$oid" : "583df6d15e94e5565c427d2a" }, "customer_id" : "583e096f5e94e5565c427d3e", "state" : 1, "match" : "", "profile_priority" : 1, "rating_group" : 0, "customer_backhaul_settings" : [ { "connection_server_id" : { "$oid" : "583cc7db5e94e54cb4245aa4" }, "remote_host" : "66.44.33.70", "remote_port" : "5300", "type" : "", "loginid" : "h4ew3u7", "password" : "po08Lu76", "token_id" : "", "use_dynamic_token" : "0", "amqp_exchange" : "distro", "amqp_pub_code" : "reader", "amqp_sub_code" : "pusher", "uplink_route" : "uxl", "downlink_route" : "dxl", "hello_route" : "keepalive", "error_route" : "error", "routing_key" : "iotmsg", "connection_status" : "", "state" : 1, "last_auto_update" : "TIMESTAMP", "last_appl_change" : "TIMESTAMP", "connection_server_last_seen" : "TIMESTAMP" } ] }
{ "_id" : { "$oid" : "583ed5f05e94e5565c427d50" }, "customer_id" : "583dfa535e94e5565c427d34", "state" : 1, "match" : "", "profile_priority" : 1, "rating_group" : 0, "customer_backhaul_settings" : [ { "connection_server_id" : { "$oid" : "583cc7db5e94e54cb4245aa4" }, "remote_host" : "34.67.243.5", "remote_port" : "5400", "type" : "", "loginid" : "tw35334", "password" : "da443234ee", "token_id" : "", "use_dynamic_token" : "0", "amqp_exchange" : "distro", "amqp_pub_code" : "reader", "amqp_sub_code" : "pusher", "uplink_route" : "uxl", "downlink_route" : "dxl", "hello_route" : "pingr", "error_route" : "error", "routing_key" : "routk", "connection_status" : "", "state" : 1, "last_auto_update" : "TIMESTAMP", "last_appl_change" : "TIMESTAMP", "connection_server_last_seen" : "TIMESTAMP" } ] }
