{ "_id" : { "$oid" : "57506a6fcaef4f3b44daebe4" }, "customer_type" : "customer_account", "region_id" : "57483cec6f1cad0a54716506", "partner_id" : "", "state" : 1, "organisation_name" : "NewMega Ltd.", "organisation_type" : "Corporate", "organisation_registration_number" : "8daf7a8f77", "organisation_size" : "3000", "Title" : "Dr.", "name" : "Philus", "middlename" : "van", "surname" : "Merrol", "position" : "CTO", "address" : "34 NewMega Road", "postcode" : "MG11 TR", "country" : "United Kingdom", "network_label_whitelist" : [ "5748385d6f1cad0a547164f2", "5748394a6f1cad0a547164f4", "583df9095e94e5565c427d30" ] }
{ "_id" : { "$oid" : "583df78d5e94e5565c427d2c" }, "customer_type" : "customer_account", "region_id" : "583df7e45e94e5565c427d2e", "partner_id" : "", "state" : 1, "organisation_name" : "QuickPizza Ltd.", "organisation_type" : "SME", "organisation_registration_number" : "098af09sa9", "organisation_size" : "20", "title" : "Sir", "name" : "Alex ", "middlename" : "", "surname" : "Fizzus", "position" : "Director", "address" : "100 Ikutech Road", "postcode" : "TH58KR", "country" : "Belgium", "network_label_whitelist" : [ "583df9095e94e5565c427d30", "583df9f15e94e5565c427d32" ] }
{ "_id" : { "$oid" : "583dfa535e94e5565c427d34" }, "customer_type" : "customer_account", "region_id" : "583df7e45e94e5565c427d2e", "partner_id" : "", "state" : 1, "organisation_name" : "Tellon6 Ltd.", "organisation_type" : "SME", "organisation_registration_number" : "7daudfas", "organisation_size" : "5", "title" : "Mr.", "name" : "Pantos ", "middlename" : "Vila", "surname" : "Merks", "position" : "Manager", "address" : "22 Kings Road", "postcode" : "YH65RF", "country" : "Netherlands", "network_label_whitelist" : [ "583dfad95e94e5565c427d36" ] }
{ "_id" : { "$oid" : "583e04b25e94e5565c427d3a" }, "customer_type" : "partner", "region_id" : "583df7e45e94e5565c427d2e", "partner_id" : "", "state" : 1, "organisation_name" : "Reseller Drift Ltd.", "organisation_type" : "Corporate", "organisation_registration_number" : "8u7adfa", "organisation_size" : "70", "title" : "Mrs.", "name" : "Jane ", "middlename" : "", "surname" : "Osazeme", "position" : "Manager", "address" : "1 London Valey Business Park", "postcode" : "EC51 4RT", "country" : "United Kingdom", "network_label_whitelist" : [ "583df9095e94e5565c427d30", "583df9f15e94e5565c427d32", "583dfad95e94e5565c427d36", "5748385d6f1cad0a547164f2" ] }
{ "_id" : { "$oid" : "583e096f5e94e5565c427d3e" }, "customer_type" : "sub-customer", "region_id" : "583df7e45e94e5565c427d2e", "partner_id" : "583e04b25e94e5565c427d3a", "state" : 1, "organisation_name" : "One manband Co.", "organisation_type" : "SME", "organisation_registration_number" : "N/A", "organisation_size" : "1", "title" : "Mr..", "name" : "Kyle ", "middlename" : "", "surname" : "Jo", "position" : "Director", "address" : "46 Hamora Way", "postcode" : "LU42FG", "country" : "United Kingdom", "network_label_whitelist" : [ "583df9095e94e5565c427d30" ] }
