{ "_id" : { "$oid" : "574836916f1cad0a547164e8" }, "customer_id" : "57506a6fcaef4f3b44daebe4", "udid" : "B4CC-IELS-28932-adfUasf-0001", "imsi" : "9110078239893101", "imei" : "9210078239893101", "iccid" : "9310078239893101", "euiccid" : "9410078239893101", "ip" : "10.1.1.101", "Ipv6_Prefix" : "", "ip_netmask" : "", "delegated_ipv6_prefix" : "", "interface_id" : "", "auth_username" : "dev001", "auth_password" : "dev001pass", "first_session" : { "$date" : "2016-06-12T18:24:35.199+0000" }, "create_time" : { "$date" : "2016-06-12T18:24:35.199+0000" }, "gpsloc" : { "lat" : "", "long" : "" }, "service_template_id" : "1", "session_trace_id" : { "$oid" : "575da8e32a6121805eef282d" }, "connection_time" : { "$date" : "2016-06-12T18:24:35.199+0000" }, "last_wakeup" : { "$date" : "2016-06-12T18:24:35.199+0000" }, "last_activity" : { "$date" : "2016-06-12T18:24:35.199+0000" }, "last_feserver_id" : { "$oid" : "547382943fc884447a767d51" }, "last_beserver_id" : { "$oid" : "547382943fc884447a767d51" }, "last_network_label" : "d", "contract_id" : "574831df6f1cad0a547164dc", "contract_startdate" : { "$date" : "2016-06-12T18:24:35.199+0000" }, "contract_enddate" : { "$date" : "2016-06-12T18:24:35.199+0000" }, "activation_code" : "d" }
{ "_id" : { "$oid" : "574836db6f1cad0a547164ea" }, "customer_id" : "57506a6fcaef4f3b44daebe4", "udid" : "B4CC-IELS-28932-adfUasf-0002", "imsi" : "9110078239893102", "imei" : "9210078239893102", "iccid" : "9310078239893102", "euiccid" : "9410078239893102", "ip" : "10.1.1.102", "Ipv6_Prefix" : "", "ip_netmask" : "", "delegated_ipv6_prefix" : "", "interface_id" : "", "auth_username" : "dev001", "auth_password" : "dev001pass", "first_session" : { "$date" : "2016-06-12T18:24:35.199+0000" }, "create_time" : { "$date" : "2016-06-12T18:24:35.199+0000" }, "gpsloc" : { "lat" : "", "long" : "" }, "service_template_id" : "1", "session_trace_id" : { "$oid" : "575da8e32a6121805eef282d" }, "connection_time" : { "$date" : "2016-06-12T18:24:35.199+0000" }, "last_wakeup" : { "$date" : "2016-06-12T18:24:35.199+0000" }, "last_activity" : { "$date" : "2016-06-12T18:24:35.199+0000" }, "last_feserver_id" : { "$oid" : "547382943fc884447a767d51" }, "last_beserver_id" : { "$oid" : "547382943fc884447a767d51" }, "last_network_label" : "d", "contract_id" : "574831df6f1cad0a547164dc", "contract_startdate" : { "$date" : "2016-06-12T18:24:35.199+0000" }, "contract_enddate" : { "$date" : "2016-06-12T18:24:35.199+0000" }, "activation_code" : "d" }
{ "_id" : { "$oid" : "574836f16f1cad0a547164ec" }, "customer_id" : "57506a6fcaef4f3b44daebe4", "udid" : "B4CC-IELS-28932-adfUasf-0003", "imsi" : "9110078239893103", "imei" : "9210078239893103", "iccid" : "9310078239893103", "euiccid" : "9410078239893103", "ip" : "10.1.1.100", "Ipv6_Prefix" : "", "ip_netmask" : "", "delegated_ipv6_prefix" : "", "interface_id" : "", "auth_username" : "dev001", "auth_password" : "dev001pass", "first_session" : { "$date" : "2016-06-12T18:24:35.199+0000" }, "create_time" : { "$date" : "2016-06-12T18:24:35.199+0000" }, "gpsloc" : { "lat" : "", "long" : "" }, "service_template_id" : "1", "session_trace_id" : { "$oid" : "575da8e32a6121805eef282d" }, "connection_time" : { "$date" : "2016-06-12T18:24:35.199+0000" }, "last_wakeup" : { "$date" : "2016-06-12T18:24:35.199+0000" }, "last_activity" : { "$date" : "2016-06-12T18:24:35.199+0000" }, "last_feserver_id" : { "$oid" : "547382943fc884447a767d51" }, "last_beserver_id" : { "$oid" : "547382943fc884447a767d51" }, "last_network_label" : "d", "contract_id" : "574831df6f1cad0a547164dc", "contract_startdate" : { "$date" : "2016-06-12T18:24:35.199+0000" }, "contract_enddate" : { "$date" : "2016-06-12T18:24:35.199+0000" }, "activation_code" : "d" }
{ "_id" : { "$oid" : "584069b35e94e5565c427d6d" }, "customer_id" : "57506a6fcaef4f3b44daebe4", "udid" : "B4CC-IELS-28932-adfUasf-0004", "imsi" : "9110078239893141", "imei" : "9210078239893141", "iccid" : "9310078239893141", "euiccid" : "9410078239893141", "ip" : "10.1.1.141", "Ipv6_Prefix" : "", "ip_netmask" : "", "delegated_ipv6_prefix" : "", "interface_id" : "", "auth_username" : "dev001", "auth_password" : "dev001pass", "first_session" : { "$date" : "2016-06-12T18:24:35.199+0000" }, "create_time" : { "$date" : "2016-06-12T18:24:35.199+0000" }, "gpsloc" : { "lat" : "", "long" : "" }, "service_template_id" : "4", "session_trace_id" : { "$oid" : "575da8e32a6121805eef282d" }, "connection_time" : { "$date" : "2016-06-12T18:24:35.199+0000" }, "last_wakeup" : { "$date" : "2016-06-12T18:24:35.199+0000" }, "last_activity" : { "$date" : "2016-06-12T18:24:35.199+0000" }, "last_feserver_id" : { "$oid" : "547382943fc884447a767d51" }, "last_beserver_id" : { "$oid" : "547382943fc884447a767d51" }, "last_network_label" : "d", "contract_id" : "584065865e94e5565c427d63", "contract_startdate" : { "$date" : "2016-06-12T18:24:35.199+0000" }, "contract_enddate" : { "$date" : "2016-06-12T18:24:35.199+0000" }, "activation_code" : "d" }
{ "_id" : { "$oid" : "58406a245e94e5565c427d71" }, "customer_id" : "57506a6fcaef4f3b44daebe4", "udid" : "B4CC-IELS-28932-adfUasf-0005", "imsi" : "9110078239893142", "imei" : "9210078239893142", "iccid" : "9310078239893142", "euiccid" : "9410078239893142", "ip" : "10.1.1.142", "Ipv6_Prefix" : "", "ip_netmask" : "", "delegated_ipv6_prefix" : "", "interface_id" : "", "auth_username" : "dev001", "auth_password" : "dev001pass", "first_session" : { "$date" : "2016-06-12T18:24:35.199+0000" }, "create_time" : { "$date" : "2016-06-12T18:24:35.199+0000" }, "gpsloc" : { "lat" : "", "long" : "" }, "service_template_id" : "4", "session_trace_id" : { "$oid" : "575da8e32a6121805eef282d" }, "connection_time" : { "$date" : "2016-06-12T18:24:35.199+0000" }, "last_wakeup" : { "$date" : "2016-06-12T18:24:35.199+0000" }, "last_activity" : { "$date" : "2016-06-12T18:24:35.199+0000" }, "last_feserver_id" : { "$oid" : "547382943fc884447a767d51" }, "last_beserver_id" : { "$oid" : "547382943fc884447a767d51" }, "last_network_label" : "d", "contract_id" : "584065865e94e5565c427d63", "contract_startdate" : { "$date" : "2016-06-12T18:24:35.199+0000" }, "contract_enddate" : { "$date" : "2016-06-12T18:24:35.199+0000" }, "activation_code" : "d" }
{ "_id" : { "$oid" : "58406ac75e94e5565c427d77" }, "customer_id" : "57506a6fcaef4f3b44daebe4", "udid" : "B4CC-IELS-28932-adfUasf-0006", "imsi" : "9110078239893143", "imei" : "9210078239893143", "iccid" : "9310078239893143", "euiccid" : "9410078239893143", "ip" : "10.1.1.143", "Ipv6_Prefix" : "", "ip_netmask" : "", "delegated_ipv6_prefix" : "", "interface_id" : "", "auth_username" : "dev001", "auth_password" : "dev001pass", "first_session" : { "$date" : "2016-06-12T18:24:35.199+0000" }, "create_time" : { "$date" : "2016-06-12T18:24:35.199+0000" }, "gpsloc" : { "lat" : "", "long" : "" }, "service_template_id" : "4", "session_trace_id" : { "$oid" : "575da8e32a6121805eef282d" }, "connection_time" : { "$date" : "2016-06-12T18:24:35.199+0000" }, "last_wakeup" : { "$date" : "2016-06-12T18:24:35.199+0000" }, "last_activity" : { "$date" : "2016-06-12T18:24:35.199+0000" }, "last_feserver_id" : { "$oid" : "547382943fc884447a767d51" }, "last_beserver_id" : { "$oid" : "547382943fc884447a767d51" }, "last_network_label" : "d", "contract_id" : "574831df6f1cad0a547164dc", "contract_startdate" : { "$date" : "2016-06-12T18:24:35.199+0000" }, "contract_enddate" : { "$date" : "2016-06-12T18:24:35.199+0000" }, "activation_code" : "d" }
{ "_id" : { "$oid" : "58406b395e94e5565c427d7a" }, "customer_id" : "57506a6fcaef4f3b44daebe4", "udid" : "B4CC-IELS-28932-adfUasf-0007", "imsi" : "9110078239893144", "imei" : "9210078239893144", "iccid" : "9310078239893144", "euiccid" : "9410078239893144", "ip" : "10.1.1.144", "Ipv6_Prefix" : "", "ip_netmask" : "", "delegated_ipv6_prefix" : "", "interface_id" : "", "auth_username" : "dev001", "auth_password" : "dev001pass", "first_session" : { "$date" : "2016-06-12T18:24:35.199+0000" }, "create_time" : { "$date" : "2016-06-12T18:24:35.199+0000" }, "gpsloc" : { "lat" : "", "long" : "" }, "service_template_id" : "4", "session_trace_id" : { "$oid" : "575da8e32a6121805eef282d" }, "connection_time" : { "$date" : "2016-06-12T18:24:35.199+0000" }, "last_wakeup" : { "$date" : "2016-06-12T18:24:35.199+0000" }, "last_activity" : { "$date" : "2016-06-12T18:24:35.199+0000" }, "last_feserver_id" : { "$oid" : "547382943fc884447a767d51" }, "last_beserver_id" : { "$oid" : "547382943fc884447a767d51" }, "last_network_label" : "d", "contract_id" : "574831df6f1cad0a547164dc", "contract_startdate" : { "$date" : "2016-06-12T18:24:35.199+0000" }, "contract_enddate" : { "$date" : "2016-06-12T18:24:35.199+0000" }, "activation_code" : "d" }
{ "_id" : { "$oid" : "58406b3e5e94e5565c427d7d" }, "customer_id" : "57506a6fcaef4f3b44daebe4", "udid" : "B4CC-IELS-28932-adfUasf-0008", "imsi" : "9110078239893145", "imei" : "9210078239893145", "iccid" : "9310078239893145", "euiccid" : "9410078239893145", "ip" : "10.1.1.145", "Ipv6_Prefix" : "", "ip_netmask" : "", "delegated_ipv6_prefix" : "", "interface_id" : "", "auth_username" : "dev001", "auth_password" : "dev001pass", "first_session" : { "$date" : "2016-06-12T18:24:35.199+0000" }, "create_time" : { "$date" : "2016-06-12T18:24:35.199+0000" }, "gpsloc" : { "lat" : "", "long" : "" }, "service_template_id" : "4", "session_trace_id" : { "$oid" : "575da8e32a6121805eef282d" }, "connection_time" : { "$date" : "2016-06-12T18:24:35.199+0000" }, "last_wakeup" : { "$date" : "2016-06-12T18:24:35.199+0000" }, "last_activity" : { "$date" : "2016-06-12T18:24:35.199+0000" }, "last_feserver_id" : { "$oid" : "547382943fc884447a767d51" }, "last_beserver_id" : { "$oid" : "547382943fc884447a767d51" }, "last_network_label" : "d", "contract_id" : "574831df6f1cad0a547164dc", "contract_startdate" : { "$date" : "2016-06-12T18:24:35.199+0000" }, "contract_enddate" : { "$date" : "2016-06-12T18:24:35.199+0000" }, "activation_code" : "d" }
{ "_id" : { "$oid" : "58406b705e94e5565c427d80" }, "customer_id" : "57506a6fcaef4f3b44daebe4", "udid" : "B4CC-IELS-28932-adfUasf-0009", "imsi" : "9110078239893151", "imei" : "9210078239893151", "iccid" : "9310078239893151", "euiccid" : "9410078239893151", "ip" : "10.1.1.151", "Ipv6_Prefix" : "", "ip_netmask" : "", "delegated_ipv6_prefix" : "", "interface_id" : "", "auth_username" : "dev001", "auth_password" : "dev001pass", "first_session" : { "$date" : "2016-06-12T18:24:35.199+0000" }, "create_time" : { "$date" : "2016-06-12T18:24:35.199+0000" }, "gpsloc" : { "lat" : "", "long" : "" }, "service_template_id" : "5", "session_trace_id" : { "$oid" : "575da8e32a6121805eef282d" }, "connection_time" : { "$date" : "2016-06-12T18:24:35.199+0000" }, "last_wakeup" : { "$date" : "2016-06-12T18:24:35.199+0000" }, "last_activity" : { "$date" : "2016-06-12T18:24:35.199+0000" }, "last_feserver_id" : { "$oid" : "547382943fc884447a767d51" }, "last_beserver_id" : { "$oid" : "547382943fc884447a767d51" }, "last_network_label" : "d", "contract_id" : "574831df6f1cad0a547164dc", "contract_startdate" : { "$date" : "2016-06-12T18:24:35.199+0000" }, "contract_enddate" : { "$date" : "2016-06-12T18:24:35.199+0000" }, "activation_code" : "d" }
{ "_id" : { "$oid" : "58406b875e94e5565c427d83" }, "customer_id" : "57506a6fcaef4f3b44daebe4", "udid" : "B4CC-IELS-28932-adfUasf-0010", "imsi" : "9110078239893152", "imei" : "9210078239893152", "iccid" : "9310078239893152", "euiccid" : "9410078239893152", "ip" : "10.1.1.152", "Ipv6_Prefix" : "", "ip_netmask" : "", "delegated_ipv6_prefix" : "", "interface_id" : "", "auth_username" : "dev001", "auth_password" : "dev001pass", "first_session" : { "$date" : "2016-06-12T18:24:35.199+0000" }, "create_time" : { "$date" : "2016-06-12T18:24:35.199+0000" }, "gpsloc" : { "lat" : "", "long" : "" }, "service_template_id" : "5", "session_trace_id" : { "$oid" : "575da8e32a6121805eef282d" }, "connection_time" : { "$date" : "2016-06-12T18:24:35.199+0000" }, "last_wakeup" : { "$date" : "2016-06-12T18:24:35.199+0000" }, "last_activity" : { "$date" : "2016-06-12T18:24:35.199+0000" }, "last_feserver_id" : { "$oid" : "547382943fc884447a767d51" }, "last_beserver_id" : { "$oid" : "547382943fc884447a767d51" }, "last_network_label" : "d", "contract_id" : "574831df6f1cad0a547164dc", "contract_startdate" : { "$date" : "2016-06-12T18:24:35.199+0000" }, "contract_enddate" : { "$date" : "2016-06-12T18:24:35.199+0000" }, "activation_code" : "d" }
{ "_id" : { "$oid" : "584075535e94e5565c427d92" }, "customer_id" : "583e096f5e94e5565c427d3e", "udid" : "BL001", "imsi" : "9110078239893161", "imei" : "9210078239893161", "iccid" : "9310078239893161", "euiccid" : "9410078239893161", "ip" : "192.168.0.1", "Ipv6_Prefix" : "", "ip_netmask" : "", "delegated_ipv6_prefix" : "", "interface_id" : "", "auth_username" : "dev001", "auth_password" : "dev001pass", "first_session" : { "$date" : "2016-06-12T18:24:35.199+0000" }, "create_time" : { "$date" : "2016-06-12T18:24:35.199+0000" }, "gpsloc" : { "lat" : "", "long" : "" }, "service_template_id" : "6", "session_trace_id" : { "$oid" : "575da8e32a6121805eef282d" }, "connection_time" : { "$date" : "2016-06-12T18:24:35.199+0000" }, "last_wakeup" : { "$date" : "2016-06-12T18:24:35.199+0000" }, "last_activity" : { "$date" : "2016-06-12T18:24:35.199+0000" }, "last_feserver_id" : { "$oid" : "547382943fc884447a767d51" }, "last_beserver_id" : { "$oid" : "547382943fc884447a767d51" }, "last_network_label" : "d", "contract_id" : "574832ae6f1cad0a547164de", "contract_startdate" : { "$date" : "2016-06-12T18:24:35.199+0000" }, "contract_enddate" : { "$date" : "2016-06-12T18:24:35.199+0000" }, "activation_code" : "d" }
{ "_id" : { "$oid" : "584075535e94e5565c427d93" }, "customer_id" : "583e096f5e94e5565c427d3e", "udid" : "BL002", "imsi" : "9110078239893162", "imei" : "9210078239893162", "iccid" : "9310078239893162", "euiccid" : "9410078239893162", "ip" : "192.168.0.2", "Ipv6_Prefix" : "", "ip_netmask" : "", "delegated_ipv6_prefix" : "", "interface_id" : "", "auth_username" : "dev001", "auth_password" : "dev001pass", "first_session" : { "$date" : "2016-06-12T18:24:35.199+0000" }, "create_time" : { "$date" : "2016-06-12T18:24:35.199+0000" }, "gpsloc" : { "lat" : "", "long" : "" }, "service_template_id" : "6", "session_trace_id" : { "$oid" : "575da8e32a6121805eef282d" }, "connection_time" : { "$date" : "2016-06-12T18:24:35.199+0000" }, "last_wakeup" : { "$date" : "2016-06-12T18:24:35.199+0000" }, "last_activity" : { "$date" : "2016-06-12T18:24:35.199+0000" }, "last_feserver_id" : { "$oid" : "547382943fc884447a767d51" }, "last_beserver_id" : { "$oid" : "547382943fc884447a767d51" }, "last_network_label" : "d", "contract_id" : "574832ae6f1cad0a547164de", "contract_startdate" : { "$date" : "2016-06-12T18:24:35.199+0000" }, "contract_enddate" : { "$date" : "2016-06-12T18:24:35.199+0000" }, "activation_code" : "d" }
{ "_id" : { "$oid" : "584075535e94e5565c427d94" }, "customer_id" : "583e096f5e94e5565c427d3e", "udid" : "BL003", "imsi" : "9110078239893163", "imei" : "9210078239893163", "iccid" : "9310078239893163", "euiccid" : "9410078239893163", "ip" : "192.168.0.3", "Ipv6_Prefix" : "", "ip_netmask" : "", "delegated_ipv6_prefix" : "", "interface_id" : "", "auth_username" : "dev001", "auth_password" : "dev001pass", "first_session" : { "$date" : "2016-06-12T18:24:35.199+0000" }, "create_time" : { "$date" : "2016-06-12T18:24:35.199+0000" }, "gpsloc" : { "lat" : "", "long" : "" }, "service_template_id" : "7", "session_trace_id" : { "$oid" : "575da8e32a6121805eef282d" }, "connection_time" : { "$date" : "2016-06-12T18:24:35.199+0000" }, "last_wakeup" : { "$date" : "2016-06-12T18:24:35.199+0000" }, "last_activity" : { "$date" : "2016-06-12T18:24:35.199+0000" }, "last_feserver_id" : { "$oid" : "547382943fc884447a767d51" }, "last_beserver_id" : { "$oid" : "547382943fc884447a767d51" }, "last_network_label" : "d", "contract_id" : "584062565e94e5565c427d5b", "contract_startdate" : { "$date" : "2016-06-12T18:24:35.199+0000" }, "contract_enddate" : { "$date" : "2016-06-12T18:24:35.199+0000" }, "activation_code" : "d" }
{ "_id" : { "$oid" : "584075535e94e5565c427d95" }, "customer_id" : "583e096f5e94e5565c427d3e", "udid" : "BL004", "imsi" : "9110078239893164", "imei" : "9210078239893164", "iccid" : "9310078239893164", "euiccid" : "9410078239893164", "ip" : "192.168.0.4", "Ipv6_Prefix" : "", "ip_netmask" : "", "delegated_ipv6_prefix" : "", "interface_id" : "", "auth_username" : "dev001", "auth_password" : "dev001pass", "first_session" : { "$date" : "2016-06-12T18:24:35.199+0000" }, "create_time" : { "$date" : "2016-06-12T18:24:35.199+0000" }, "gpsloc" : { "lat" : "", "long" : "" }, "service_template_id" : "7", "session_trace_id" : { "$oid" : "575da8e32a6121805eef282d" }, "connection_time" : { "$date" : "2016-06-12T18:24:35.199+0000" }, "last_wakeup" : { "$date" : "2016-06-12T18:24:35.199+0000" }, "last_activity" : { "$date" : "2016-06-12T18:24:35.199+0000" }, "last_feserver_id" : { "$oid" : "547382943fc884447a767d51" }, "last_beserver_id" : { "$oid" : "547382943fc884447a767d51" }, "last_network_label" : "d", "contract_id" : "584062565e94e5565c427d5b", "contract_startdate" : { "$date" : "2016-06-12T18:24:35.199+0000" }, "contract_enddate" : { "$date" : "2016-06-12T18:24:35.199+0000" }, "activation_code" : "d" }
{ "_id" : { "$oid" : "584075535e94e5565c427d96" }, "customer_id" : "583e096f5e94e5565c427d3e", "udid" : "BL005", "imsi" : "9110078239893165", "imei" : "9210078239893165", "iccid" : "9310078239893165", "euiccid" : "9410078239893165", "ip" : "192.168.0.5", "Ipv6_Prefix" : "", "ip_netmask" : "", "delegated_ipv6_prefix" : "", "interface_id" : "", "auth_username" : "dev001", "auth_password" : "dev001pass", "first_session" : { "$date" : "2016-06-12T18:24:35.199+0000" }, "create_time" : { "$date" : "2016-06-12T18:24:35.199+0000" }, "gpsloc" : { "lat" : "", "long" : "" }, "service_template_id" : "8", "session_trace_id" : { "$oid" : "575da8e32a6121805eef282d" }, "connection_time" : { "$date" : "2016-06-12T18:24:35.199+0000" }, "last_wakeup" : { "$date" : "2016-06-12T18:24:35.199+0000" }, "last_activity" : { "$date" : "2016-06-12T18:24:35.199+0000" }, "last_feserver_id" : { "$oid" : "547382943fc884447a767d51" }, "last_beserver_id" : { "$oid" : "547382943fc884447a767d51" }, "last_network_label" : "d", "contract_id" : "584065dd5e94e5565c427d65", "contract_startdate" : { "$date" : "2016-06-12T18:24:35.199+0000" }, "contract_enddate" : { "$date" : "2016-06-12T18:24:35.199+0000" }, "activation_code" : "d" }
{ "_id" : { "$oid" : "584075535e94e5565c427d97" }, "customer_id" : "583e096f5e94e5565c427d3e", "udid" : "BL006", "imsi" : "9110078239893166", "imei" : "9210078239893166", "iccid" : "9310078239893166", "euiccid" : "9410078239893166", "ip" : "192.168.0.6", "Ipv6_Prefix" : "", "ip_netmask" : "", "delegated_ipv6_prefix" : "", "interface_id" : "", "auth_username" : "dev001", "auth_password" : "dev001pass", "first_session" : { "$date" : "2016-06-12T18:24:35.199+0000" }, "create_time" : { "$date" : "2016-06-12T18:24:35.199+0000" }, "gpsloc" : { "lat" : "", "long" : "" }, "service_template_id" : "8", "session_trace_id" : { "$oid" : "575da8e32a6121805eef282d" }, "connection_time" : { "$date" : "2016-06-12T18:24:35.199+0000" }, "last_wakeup" : { "$date" : "2016-06-12T18:24:35.199+0000" }, "last_activity" : { "$date" : "2016-06-12T18:24:35.199+0000" }, "last_feserver_id" : { "$oid" : "547382943fc884447a767d51" }, "last_beserver_id" : { "$oid" : "547382943fc884447a767d51" }, "last_network_label" : "d", "contract_id" : "584066b15e94e5565c427d69", "contract_startdate" : { "$date" : "2016-06-12T18:24:35.199+0000" }, "contract_enddate" : { "$date" : "2016-06-12T18:24:35.199+0000" }, "activation_code" : "d" }
{ "_id" : { "$oid" : "584075535e94e5565c427d98" }, "customer_id" : "583dfa535e94e5565c427d34", "udid" : "af99-1001", "imsi" : "9110078239893171", "imei" : "9210078239893171", "iccid" : "9310078239893171", "euiccid" : "9410078239893171", "ip" : "192.168.0.1", "Ipv6_Prefix" : "", "ip_netmask" : "", "delegated_ipv6_prefix" : "", "interface_id" : "", "auth_username" : "dev001", "auth_password" : "dev001pass", "first_session" : { "$date" : "2016-06-12T18:24:35.199+0000" }, "create_time" : { "$date" : "2016-06-12T18:24:35.199+0000" }, "gpsloc" : { "lat" : "", "long" : "" }, "service_template_id" : "9", "session_trace_id" : { "$oid" : "575da8e32a6121805eef282d" }, "connection_time" : { "$date" : "2016-06-12T18:24:35.199+0000" }, "last_wakeup" : { "$date" : "2016-06-12T18:24:35.199+0000" }, "last_activity" : { "$date" : "2016-06-12T18:24:35.199+0000" }, "last_feserver_id" : { "$oid" : "547382943fc884447a767d51" }, "last_beserver_id" : { "$oid" : "547382943fc884447a767d51" }, "last_network_label" : "d", "contract_id" : "584073315e94e5565c427d8b", "contract_startdate" : { "$date" : "2016-06-12T18:24:35.199+0000" }, "contract_enddate" : { "$date" : "2016-06-12T18:24:35.199+0000" }, "activation_code" : "d" }
{ "_id" : { "$oid" : "584075535e94e5565c427d99" }, "customer_id" : "583dfa535e94e5565c427d34", "udid" : "af99-1002", "imsi" : "9110078239893172", "imei" : "9210078239893172", "iccid" : "9310078239893172", "euiccid" : "9410078239893172", "ip" : "192.168.0.2", "Ipv6_Prefix" : "", "ip_netmask" : "", "delegated_ipv6_prefix" : "", "interface_id" : "", "auth_username" : "dev001", "auth_password" : "dev001pass", "first_session" : { "$date" : "2016-06-12T18:24:35.199+0000" }, "create_time" : { "$date" : "2016-06-12T18:24:35.199+0000" }, "gpsloc" : { "lat" : "", "long" : "" }, "service_template_id" : "9", "session_trace_id" : { "$oid" : "575da8e32a6121805eef282d" }, "connection_time" : { "$date" : "2016-06-12T18:24:35.199+0000" }, "last_wakeup" : { "$date" : "2016-06-12T18:24:35.199+0000" }, "last_activity" : { "$date" : "2016-06-12T18:24:35.199+0000" }, "last_feserver_id" : { "$oid" : "547382943fc884447a767d51" }, "last_beserver_id" : { "$oid" : "547382943fc884447a767d51" }, "last_network_label" : "d", "contract_id" : "584073315e94e5565c427d8b", "contract_startdate" : { "$date" : "2016-06-12T18:24:35.199+0000" }, "contract_enddate" : { "$date" : "2016-06-12T18:24:35.199+0000" }, "activation_code" : "d" }
{ "_id" : { "$oid" : "584075535e94e5565c427d9a" }, "customer_id" : "583dfa535e94e5565c427d34", "udid" : "af99-1003", "imsi" : "9110078239893173", "imei" : "9210078239893173", "iccid" : "9310078239893173", "euiccid" : "9410078239893173", "ip" : "192.168.0.3", "Ipv6_Prefix" : "", "ip_netmask" : "", "delegated_ipv6_prefix" : "", "interface_id" : "", "auth_username" : "dev001", "auth_password" : "dev001pass", "first_session" : { "$date" : "2016-06-12T18:24:35.199+0000" }, "create_time" : { "$date" : "2016-06-12T18:24:35.199+0000" }, "gpsloc" : { "lat" : "", "long" : "" }, "service_template_id" : "9", "session_trace_id" : { "$oid" : "575da8e32a6121805eef282d" }, "connection_time" : { "$date" : "2016-06-12T18:24:35.199+0000" }, "last_wakeup" : { "$date" : "2016-06-12T18:24:35.199+0000" }, "last_activity" : { "$date" : "2016-06-12T18:24:35.199+0000" }, "last_feserver_id" : { "$oid" : "547382943fc884447a767d51" }, "last_beserver_id" : { "$oid" : "547382943fc884447a767d51" }, "last_network_label" : "d", "contract_id" : "584073315e94e5565c427d8b", "contract_startdate" : { "$date" : "2016-06-12T18:24:35.199+0000" }, "contract_enddate" : { "$date" : "2016-06-12T18:24:35.199+0000" }, "activation_code" : "d" }
{ "_id" : { "$oid" : "584075535e94e5565c427d9b" }, "customer_id" : "583dfa535e94e5565c427d34", "udid" : "af99-1004", "imsi" : "9110078239893174", "imei" : "9210078239893174", "iccid" : "9310078239893174", "euiccid" : "9410078239893174", "ip" : "192.168.0.4", "Ipv6_Prefix" : "", "ip_netmask" : "", "delegated_ipv6_prefix" : "", "interface_id" : "", "auth_username" : "dev001", "auth_password" : "dev001pass", "first_session" : { "$date" : "2016-06-12T18:24:35.199+0000" }, "create_time" : { "$date" : "2016-06-12T18:24:35.199+0000" }, "gpsloc" : { "lat" : "", "long" : "" }, "service_template_id" : "9", "session_trace_id" : { "$oid" : "575da8e32a6121805eef282d" }, "connection_time" : { "$date" : "2016-06-12T18:24:35.199+0000" }, "last_wakeup" : { "$date" : "2016-06-12T18:24:35.199+0000" }, "last_activity" : { "$date" : "2016-06-12T18:24:35.199+0000" }, "last_feserver_id" : { "$oid" : "547382943fc884447a767d51" }, "last_beserver_id" : { "$oid" : "547382943fc884447a767d51" }, "last_network_label" : "d", "contract_id" : "584073315e94e5565c427d8b", "contract_startdate" : { "$date" : "2016-06-12T18:24:35.199+0000" }, "contract_enddate" : { "$date" : "2016-06-12T18:24:35.199+0000" }, "activation_code" : "d" }
{ "_id" : { "$oid" : "584075535e94e5565c427d9c" }, "customer_id" : "583dfa535e94e5565c427d34", "udid" : "", "imsi" : "9110078239893175", "imei" : "9210078239893175", "iccid" : "9310078239893175", "euiccid" : "9410078239893175", "ip" : "192.168.0.5", "Ipv6_Prefix" : "", "ip_netmask" : "", "delegated_ipv6_prefix" : "", "interface_id" : "", "auth_username" : "dev001", "auth_password" : "dev001pass", "first_session" : { "$date" : "2016-06-12T18:24:35.199+0000" }, "create_time" : { "$date" : "2016-06-12T18:24:35.199+0000" }, "gpsloc" : { "lat" : "", "long" : "" }, "service_template_id" : "10", "session_trace_id" : { "$oid" : "575da8e32a6121805eef282d" }, "connection_time" : { "$date" : "2016-06-12T18:24:35.199+0000" }, "last_wakeup" : { "$date" : "2016-06-12T18:24:35.199+0000" }, "last_activity" : { "$date" : "2016-06-12T18:24:35.199+0000" }, "last_feserver_id" : { "$oid" : "547382943fc884447a767d51" }, "last_beserver_id" : { "$oid" : "547382943fc884447a767d51" }, "last_network_label" : "d", "contract_id" : "584073315e94e5565c427d8b", "contract_startdate" : { "$date" : "2016-06-12T18:24:35.199+0000" }, "contract_enddate" : { "$date" : "2016-06-12T18:24:35.199+0000" }, "activation_code" : "d" }
{ "_id" : { "$oid" : "584075535e94e5565c427d9d" }, "customer_id" : "583dfa535e94e5565c427d34", "udid" : "", "imsi" : "9110078239893176", "imei" : "9210078239893176", "iccid" : "9310078239893176", "euiccid" : "9410078239893176", "ip" : "192.168.0.6", "Ipv6_Prefix" : "", "ip_netmask" : "", "delegated_ipv6_prefix" : "", "interface_id" : "", "auth_username" : "dev001", "auth_password" : "dev001pass", "first_session" : { "$date" : "2016-06-12T18:24:35.199+0000" }, "create_time" : { "$date" : "2016-06-12T18:24:35.199+0000" }, "gpsloc" : { "lat" : "", "long" : "" }, "service_template_id" : "10", "session_trace_id" : { "$oid" : "575da8e32a6121805eef282d" }, "connection_time" : { "$date" : "2016-06-12T18:24:35.199+0000" }, "last_wakeup" : { "$date" : "2016-06-12T18:24:35.199+0000" }, "last_activity" : { "$date" : "2016-06-12T18:24:35.199+0000" }, "last_feserver_id" : { "$oid" : "547382943fc884447a767d51" }, "last_beserver_id" : { "$oid" : "547382943fc884447a767d51" }, "last_network_label" : "d", "contract_id" : "584066b15e94e5565c427d69", "contract_startdate" : { "$date" : "2016-06-12T18:24:35.199+0000" }, "contract_enddate" : { "$date" : "2016-06-12T18:24:35.199+0000" }, "activation_code" : "d" }
{ "_id" : { "$oid" : "584075c05e94e5565c427d9e" }, "customer_id" : "583e096f5e94e5565c427d3e", "udid" : "BL001", "imsi" : "9110078239893161", "imei" : "9210078239893161", "iccid" : "9310078239893161", "euiccid" : "9410078239893161", "ip" : "192.168.0.1", "Ipv6_Prefix" : "", "ip_netmask" : "", "delegated_ipv6_prefix" : "", "interface_id" : "", "auth_username" : "dev001", "auth_password" : "dev001pass", "first_session" : { "$date" : "2016-06-12T18:24:35.199+0000" }, "create_time" : { "$date" : "2016-06-12T18:24:35.199+0000" }, "gpsloc" : { "lat" : "", "long" : "" }, "service_template_id" : "6", "session_trace_id" : { "$oid" : "575da8e32a6121805eef282d" }, "connection_time" : { "$date" : "2016-06-12T18:24:35.199+0000" }, "last_wakeup" : { "$date" : "2016-06-12T18:24:35.199+0000" }, "last_activity" : { "$date" : "2016-06-12T18:24:35.199+0000" }, "last_feserver_id" : { "$oid" : "547382943fc884447a767d51" }, "last_beserver_id" : { "$oid" : "547382943fc884447a767d51" }, "last_network_label" : "d", "contract_id" : "574832ae6f1cad0a547164de", "contract_startdate" : { "$date" : "2016-06-12T18:24:35.199+0000" }, "contract_enddate" : { "$date" : "2016-06-12T18:24:35.199+0000" }, "activation_code" : "d" }
