{ "_id" : { "$oid" : "57483cec6f1cad0a54716506" }, "region_name" : "United Kingdom", "state" : 1 }
{ "_id" : { "$oid" : "583df7e45e94e5565c427d2e" }, "region_name" : "BENELUX", "state" : 1 }
{ "_id" : { "$oid" : "583e03bf5e94e5565c427d38" }, "region_name" : "EMAE", "state" : 1 }
{ "_id" : { "$oid" : "57483cec6f1cad0a54716506" }, "region_name" : "United Kingdom", "state" : 1 }
{ "_id" : { "$oid" : "583df7e45e94e5565c427d2e" }, "region_name" : "BENELUX", "state" : 1 }
{ "_id" : { "$oid" : "583e03bf5e94e5565c427d38" }, "region_name" : "EMAE", "state" : 1 }
{ "_id" : { "$oid" : "57483cec6f1cad0a54716506" }, "region_name" : "United Kingdom", "state" : 1 }
{ "_id" : { "$oid" : "583df7e45e94e5565c427d2e" }, "region_name" : "BENELUX", "state" : 1 }
{ "_id" : { "$oid" : "583e03bf5e94e5565c427d38" }, "region_name" : "EMAE", "state" : 1 }
{ "_id" : { "$oid" : "57483cec6f1cad0a54716506" }, "region_name" : "United Kingdom", "state" : 1 }
{ "_id" : { "$oid" : "583df7e45e94e5565c427d2e" }, "region_name" : "BENELUX", "state" : 1 }
{ "_id" : { "$oid" : "583e03bf5e94e5565c427d38" }, "region_name" : "EMAE", "state" : 1 }
{ "_id" : { "$oid" : "57483cec6f1cad0a54716506" }, "region_name" : "United Kingdom", "state" : 1 }
{ "_id" : { "$oid" : "583df7e45e94e5565c427d2e" }, "region_name" : "BENELUX", "state" : 1 }
{ "_id" : { "$oid" : "583e03bf5e94e5565c427d38" }, "region_name" : "EMAE", "state" : 1 }
{ "_id" : { "$oid" : "57483cec6f1cad0a54716506" }, "region_name" : "United Kingdom", "state" : 1 }
{ "_id" : { "$oid" : "583df7e45e94e5565c427d2e" }, "region_name" : "BENELUX", "state" : 1 }
{ "_id" : { "$oid" : "583e03bf5e94e5565c427d38" }, "region_name" : "EMAE", "state" : 1 }
