{ "_id" : 1, "name" : "sensor_devices_template", "customer_id" : "57506a6fcaef4f3b44daebe4", "state" : 1, "dedicated_connection_profile" : 1, "log_level" : 0, "transaction_split_by" : "NetworkLabel", "connection_profiles" : [ "57483cb86f1cad0a54716504", "583cc50c5e94e54cb4245aa2", "583cc9515e94e54cb4245aa6", "583df09f5e94e54cb4245ac0" ], "log_payload" : 0, "inherit_service_template_connP" : 0, "notify_on_msg_delivery" : 1, "device_idle_threshold" : 16, "wakeup_duration" : 15, "forward_msg_header" : 0, "notify_on_wakeup" : 1, "notify_on_connect" : 1, "notify_on_disconnect" : 1, "tariff_profile_id" : "583ccf0d5e94e54cb4245ab0", "default_profile" : 0, "network_labels" : { "default" : "5748385d6f1cad0a547164f2", "network_label_id_list" : [ "5748385d6f1cad0a547164f2", "5748394a6f1cad0a547164f4", "583df9095e94e5565c427d30" ] }, "transmit_downlink_on_wakeup" : 0, "device_assisted_ack" : [ { "custom_ack" : "true", "protocol" : "tcp", "ack_type" : "string-content", "ack_value" : "000" }, { "custom_ack" : "false", "protocol" : "udp", "ack_type" : "uplink-length", "ack_value" : "3" }, { "custom_ack" : "true", "protocol" : "udp", "ack_type" : "message_id", "ack_value" : "" } ], "piggyback_custom_ack" : 1, "radius_networklabel_check" : 1, "radius_auth_enabled" : 1, "radius_auth_level" : "thing", "radius_auth_RAT_allowed" : [ 0, 2, 6 ], "radius_auth_username_type" : "imsi", "radius_auth_username" : "adf4", "radius_auth_password" : "24233dd4", "imei_match_check" : 1, "auto_capture_credentials" : 1, "auto_capture_imei" : 1 }
{ "_id" : 2, "name" : "IoT_Devices_template", "customer_id" : "57506a6fcaef4f3b44daebe4", "state" : 1, "dedicated_connection_profile" : 1, "log_level" : 0, "transaction_split_by" : "NetworkLabel", "connection_profiles" : [ "57483cb86f1cad0a54716504", "583df09f5e94e54cb4245ac0" ], "log_payload" : 0, "inherit_service_template_connP" : 0, "notify_on_msg_delivery" : 1, "device_idle_threshold" : 11, "wakeup_duration" : 10, "forward_msg_header" : 0, "notify_on_wakeup" : 0, "notify_on_connect" : 1, "notify_on_disconnect" : 0, "tariff_profile_id" : "", "default_profile" : 0, "network_labels" : { "default" : "5748385d6f1cad0a547164f2", "network_label_id_list" : [ "5748385d6f1cad0a547164f2" ] }, "transmit_downlink_on_wakeup" : 0, "device_assisted_ack" : [ { "custom_ack" : "false", "protocol" : "udp", "ack_type" : "uplink-length", "ack_value" : "3" }, { "custom_ack" : "true", "protocol" : "udp", "ack_type" : "message_id", "ack_value" : "" } ], "piggyback_custom_ack" : 1, "radius_networklabel_check" : 1, "radius_auth_enabled" : 1, "radius_auth_level" : "thing", "radius_auth_RAT_allowed" : [ 0, 2, 6 ], "radius_auth_username_type" : "imsi", "radius_auth_username" : "iotdev", "radius_auth_password" : "4rttyyy", "imei_match_check" : 1, "auto_capture_credentials" : 1, "auto_capture_imei" : 1 }
{ "_id" : 5, "name" : "d", "customer_id" : "57506a6fcaef4f3b44daebe4", "state" : 0, "dedicated_connection_profile" : 0, "log_level" : 0, "transaction_split_by" : "NetworkLabel", "connection_profiles" : [ "57483cb86f1cad0a54716504", "583cc50c5e94e54cb4245aa2", "583cc9515e94e54cb4245aa6" ], "inherit_service_template_connP" : 0, "log_payload" : 0, "wakeup_duration" : 0, "forward_msg_header" : 0, "notify_on_msg_delivery" : 0, "device_idle_threshold" : 0, "notify_on_wakeup" : 0, "notify_on_connect" : 0, "notify_on_disconnect" : 0, "tariff_profile_id" : "583ccf0d5e94e54cb4245ab0", "default_profile" : 0, "network_label_id_list" : { "default" : "5748394a6f1cad0a547164f4", "network_label_id_list" : [ "5748385d6f1cad0a547164f2", "5748394a6f1cad0a547164f4" ] }, "transmit_downlink_on_wakeup" : 0, "device_assisted_ack" : [ { "protocol" : "udp", "custom_ack" : "false", "ack_type" : "string-content | uplink-length", "ack_value" : "" }, {  } ], "radius_networklabel_check" : 1, "radius_auth_enabled" : 1, "radius_auth_level" : "thing", "radius_auth_RAT_allowed" : 0, "radius_auth_username_type" : "imsi", "radius_auth_username" : "deldev", "radius_auth_password" : "devpwd", "imei_match_check" : 1, "auto_capture_credentials" : 1, "auto_capture_imei" : 1, "max_msg_per_wakeup" : 9 }
{ "_id" : 3, "name" : "power_tools_template", "customer_id" : "57506a6fcaef4f3b44daebe4", "state" : 1, "dedicated_connection_profile" : 1, "log_level" : 0, "transaction_split_by" : "KnownProtocol", "connection_profiles" : [ "583cc50c5e94e54cb4245aa2", "583cc9515e94e54cb4245aa6" ], "log_payload" : 0, "inherit_service_template_connP" : 0, "notify_on_msg_delivery" : 1, "device_idle_threshold" : 26, "wakeup_duration" : 25, "forward_msg_header" : 0, "notify_on_wakeup" : 1, "notify_on_connect" : 1, "notify_on_disconnect" : 1, "tariff_profile_id" : "", "default_profile" : 0, "network_labels" : { "default" : "583df9095e94e5565c427d30", "network_label_id_list" : [ "583df9095e94e5565c427d30" ] }, "transmit_downlink_on_wakeup" : 0, "device_assisted_ack" : [ { "custom_ack" : "true", "protocol" : "tcp", "ack_type" : "string-content", "ack_value" : "000" }, { "custom_ack" : "false", "protocol" : "udp", "ack_type" : "uplink-length", "ack_value" : "3" } ], "piggyback_custom_ack" : 1, "radius_networklabel_check" : 1, "radius_auth_enabled" : 1, "radius_auth_level" : "thing", "radius_auth_RAT_allowed" : [ 6 ], "radius_auth_username_type" : "imsi", "radius_auth_username" : "pwtiot", "radius_auth_password" : "hO03did", "imei_match_check" : 1, "auto_capture_credentials" : 1, "auto_capture_imei" : 1 }
{ "_id" : 4, "name" : "default_template", "customer_id" : "57506a6fcaef4f3b44daebe4", "state" : 1, "dedicated_connection_profile" : 0, "log_level" : 0, "transaction_split_by" : "NetworkLabel", "connection_profiles" : [  ], "log_payload" : 0, "inherit_service_template_connP" : 3, "notify_on_msg_delivery" : 1, "device_idle_threshold" : 11, "wakeup_duration" : 10, "forward_msg_header" : 0, "notify_on_wakeup" : 1, "notify_on_connect" : 1, "notify_on_disconnect" : 1, "tariff_profile_id" : "", "default_profile" : 0, "network_labels" : { "default" : "5748385d6f1cad0a547164f2", "network_label_id_list" : [ "5748394a6f1cad0a547164f4" ] }, "transmit_downlink_on_wakeup" : 0, "device_assisted_ack" : [ { "custom_ack" : "true", "protocol" : "tcp", "ack_type" : "string-content", "ack_value" : "000" }, { "custom_ack" : "false", "protocol" : "udp", "ack_type" : "uplink-length", "ack_value" : "3" }, { "custom_ack" : "true", "protocol" : "udp", "ack_type" : "message_id", "ack_value" : "" } ], "piggyback_custom_ack" : 1, "radius_networklabel_check" : 1, "radius_auth_enabled" : 1, "radius_auth_level" : "thing", "radius_auth_RAT_allowed" : [ 0, 2, 6 ], "radius_auth_username_type" : "imsi", "radius_auth_username" : "test", "radius_auth_password" : "test", "imei_match_check" : 1, "auto_capture_credentials" : 1, "auto_capture_imei" : 1 }
{ "_id" : 6, "name" : "Device_Group_1", "customer_id" : "583e096f5e94e5565c427d3e", "state" : 1, "dedicated_connection_profile" : 1, "log_level" : 0, "transaction_split_by" : "", "connection_profiles" : [ "583df66f5e94e5565c427d28", "583df6d15e94e5565c427d2a" ], "log_payload" : 0, "inherit_service_template_connP" : 0, "notify_on_msg_delivery" : 1, "device_idle_threshold" : 16, "wakeup_duration" : 15, "forward_msg_header" : 0, "notify_on_wakeup" : 1, "notify_on_connect" : 1, "notify_on_disconnect" : 1, "tariff_profile_id" : "", "default_profile" : 0, "network_labels" : { "default" : "583df9f15e94e5565c427d32", "network_label_id_list" : [ "583df9f15e94e5565c427d32", "5748385d6f1cad0a547164f2" ] }, "transmit_downlink_on_wakeup" : 0, "device_assisted_ack" : [ { "custom_ack" : "true", "protocol" : "tcp", "ack_type" : "string-content", "ack_value" : "000" } ], "piggyback_custom_ack" : 1, "radius_networklabel_check" : 1, "radius_auth_enabled" : 1, "radius_auth_level" : "thing", "radius_auth_RAT_allowed" : [ 0, 2, 6 ], "radius_auth_username_type" : "imsi", "radius_auth_username" : "cat01", "radius_auth_password" : "ge455add", "imei_match_check" : 1, "auto_capture_credentials" : 1, "auto_capture_imei" : 1 }
{ "_id" : 7, "name" : "Device_Group_2", "customer_id" : "583e096f5e94e5565c427d3e", "state" : 1, "dedicated_connection_profile" : 0, "log_level" : 0, "transaction_split_by" : "", "connection_profiles" : [ "583df6d15e94e5565c427d2a" ], "log_payload" : 0, "inherit_service_template_connP" : 6, "notify_on_msg_delivery" : 1, "device_idle_threshold" : 16, "wakeup_duration" : 15, "forward_msg_header" : 0, "notify_on_wakeup" : 1, "notify_on_connect" : 1, "notify_on_disconnect" : 1, "tariff_profile_id" : "", "default_profile" : 0, "network_labels" : { "default" : "583df9f15e94e5565c427d32", "network_label_id_list" : [ "583df9f15e94e5565c427d32" ] }, "transmit_downlink_on_wakeup" : 0, "device_assisted_ack" : [ { "custom_ack" : "true", "protocol" : "tcp", "ack_type" : "string-content", "ack_value" : "000" } ], "piggyback_custom_ack" : 1, "radius_networklabel_check" : 1, "radius_auth_enabled" : 1, "radius_auth_level" : "thing", "radius_auth_RAT_allowed" : [ 0, 2, 6 ], "radius_auth_username_type" : "imsi", "radius_auth_username" : "cat01", "radius_auth_password" : "ge455add", "imei_match_check" : 1, "auto_capture_credentials" : 1, "auto_capture_imei" : 1 }
{ "_id" : 8, "name" : "default_landing_Group", "customer_id" : "583e096f5e94e5565c427d3e", "state" : 0, "dedicated_connection_profile" : 0, "log_level" : 0, "transaction_split_by" : "", "connection_profiles" : [  ], "log_payload" : 0, "inherit_service_template_connP" : 0, "notify_on_msg_delivery" : 0, "device_idle_threshold" : 0, "wakeup_duration" : 0, "forward_msg_header" : 0, "notify_on_wakeup" : 0, "notify_on_connect" : 0, "notify_on_disconnect" : 0, "tariff_profile_id" : "", "default_profile" : 0, "network_labels" : {  }, "transmit_downlink_on_wakeup" : 0, "device_assisted_ack" : [  ], "piggyback_custom_ack" : 1, "radius_networklabel_check" : 1, "radius_auth_enabled" : 1, "radius_auth_level" : "thing", "radius_auth_RAT_allowed" : [  ], "radius_auth_username_type" : "imsi", "radius_auth_username" : "", "radius_auth_password" : "", "imei_match_check" : 1, "auto_capture_credentials" : 1, "auto_capture_imei" : 1 }
{ "_id" : 9, "name" : "svctpl1", "customer_id" : "583dfa535e94e5565c427d34", "state" : 1, "dedicated_connection_profile" : 1, "log_level" : 0, "transaction_split_by" : "NetworkLabel", "connection_profiles" : [ "583ed5f05e94e5565c427d50" ], "log_payload" : 0, "inherit_service_template_connP" : 0, "notify_on_msg_delivery" : 1, "device_idle_threshold" : 16, "wakeup_duration" : 15, "forward_msg_header" : 0, "notify_on_wakeup" : 1, "notify_on_connect" : 1, "notify_on_disconnect" : 1, "tariff_profile_id" : "", "default_profile" : 0, "network_labels" : { "default" : "583dfad95e94e5565c427d36", "network_label_id_list" : [ "583dfad95e94e5565c427d36" ] }, "transmit_downlink_on_wakeup" : 0, "device_assisted_ack" : [ { "custom_ack" : "true", "protocol" : "tcp", "ack_type" : "string-content", "ack_value" : "000" }, { "custom_ack" : "false", "protocol" : "udp", "ack_type" : "uplink-length", "ack_value" : "3" }, { "custom_ack" : "true", "protocol" : "udp", "ack_type" : "message_id", "ack_value" : "" } ], "piggyback_custom_ack" : 1, "radius_networklabel_check" : 1, "radius_auth_enabled" : 1, "radius_auth_level" : "thing", "radius_auth_RAT_allowed" : [ 0, 2, 6 ], "radius_auth_username_type" : "imsi", "radius_auth_username" : "adf4", "radius_auth_password" : "24233dd4", "imei_match_check" : 1, "auto_capture_credentials" : 1, "auto_capture_imei" : 1 }
{ "_id" : 10, "name" : "med_tpl", "customer_id" : "583dfa535e94e5565c427d34", "state" : 1, "dedicated_connection_profile" : 1, "log_level" : 0, "transaction_split_by" : "NetworkLabel", "connection_profiles" : [ "57483cb86f1cad0a54716504" ], "log_payload" : 0, "inherit_service_template_connP" : 0, "notify_on_msg_delivery" : 1, "device_idle_threshold" : 16, "wakeup_duration" : 15, "forward_msg_header" : 0, "notify_on_wakeup" : 1, "notify_on_connect" : 1, "notify_on_disconnect" : 1, "tariff_profile_id" : "", "default_profile" : 0, "network_labels" : { "default" : "583dfad95e94e5565c427d36", "network_label_id_list" : [ "583dfad95e94e5565c427d36" ] }, "transmit_downlink_on_wakeup" : 0, "device_assisted_ack" : [ { "custom_ack" : "true", "protocol" : "tcp", "ack_type" : "string-content", "ack_value" : "000" }, { "custom_ack" : "false", "protocol" : "udp", "ack_type" : "uplink-length", "ack_value" : "3" }, { "custom_ack" : "true", "protocol" : "udp", "ack_type" : "message_id", "ack_value" : "" } ], "piggyback_custom_ack" : 1, "radius_networklabel_check" : 1, "radius_auth_enabled" : 1, "radius_auth_level" : "thing", "radius_auth_RAT_allowed" : [ 0, 2, 6 ], "radius_auth_username_type" : "imsi", "radius_auth_username" : "adf4", "radius_auth_password" : "24233dd4", "imei_match_check" : 1, "auto_capture_credentials" : 1, "auto_capture_imei" : 1 }
