{ "_id" : { "$oid" : "574831df6f1cad0a547164dc" }, "contract_duration_months" : 24, "contract_type" : "postpay_usage", "min_devices" : 0, "signed" : 1, "state" : 1, "tariff_id" : "5748337a6f1cad0a547164e0", "contract_number" : 10, "region_id" : "57483cec6f1cad0a54716506", "customer_id" : "57506a6fcaef4f3b44daebe4", "contract_terms" : { "contentType" : "pdf", "chunkSize" : 2222, "length" : 222, "filename" : "iaosdfasifd.pdf", "createDate" : { "date" : { "$date" : "2016-05-10T14:52:10.000+0000" } } }, "min_monthly_spend_msg" : 10, "min_monthly_spend_kb" : 10, "min_monthly_spend_api" : 10, "bill_rollover_day" : 10, "payment_in_arrears" : 10, "arrears_limit" : 10, "account_balance" : 10, "payment_account_id" : 10, "contract_template_end_of_life" : { "date" : "2011-05-10T14:52:10Z" } }
{ "_id" : { "$oid" : "574832ae6f1cad0a547164de" }, "contract_duration_months" : 24, "contract_type" : "postpay_usage", "min_devices" : 0, "signed" : 1, "state" : 0, "tariff_id" : "583e0e365e94e5565c427d40", "contract_number" : 10, "region_id" : "583df7e45e94e5565c427d2e", "customer_id" : "583e096f5e94e5565c427d3e", "contract_terms" : { "contentType" : "pdf", "chunkSize" : 2222, "length" : 222, "filename" : "rrrrr.pdf", "createDate" : { "date" : { "$date" : "2016-05-27T12:43:44.000+0000" } } }, "min_monthly_spend_msg" : 10, "min_monthly_spend_kb" : 10, "min_monthly_spend_api" : 10, "bill_rollover_day" : 10, "payment_in_arrears" : 10, "arrears_limit" : 10, "account_balance" : 10, "payment_account_id" : 10, "contract_template_end_of_life" : { "date" : "2020-05-10T14:52:10Z" } }
{ "_id" : { "$oid" : "584062565e94e5565c427d5b" }, "contract_duration_months" : 24, "contract_type" : "postpay_usage", "min_devices" : 0, "signed" : 0, "state" : 0, "tariff_id" : "583e0e365e94e5565c427d40", "contract_number" : 10, "region_id" : "583df7e45e94e5565c427d2e", "customer_id" : "583e096f5e94e5565c427d3e", "contract_terms" : { "contentType" : "pdf", "chunkSize" : 2222, "length" : 222, "filename" : "rrrrr.pdf", "createDate" : { "date" : { "$date" : "2016-05-27T12:43:44.000+0000" } } }, "min_monthly_spend_msg" : 10, "min_monthly_spend_kb" : 10, "min_monthly_spend_api" : 10, "bill_rollover_day" : 10, "payment_in_arrears" : 10, "arrears_limit" : 10, "account_balance" : 10, "payment_account_id" : 10, "contract_template_end_of_life" : { "date" : "2020-05-10T14:52:10Z" } }
{ "_id" : { "$oid" : "584063f25e94e5565c427d61" }, "contract_duration_months" : 24, "contract_type" : "postpay_usage", "min_devices" : 0, "signed" : 1, "state" : 0, "tariff_id" : "584063385e94e5565c427d5f", "contract_number" : 122, "region_id" : "583df7e45e94e5565c427d2e", "customer_id" : "583e096f5e94e5565c427d3e", "contract_terms" : { "contentType" : "pdf", "chunkSize" : 2222, "length" : 222, "filename" : "rrrrr.pdf", "createDate" : { "date" : { "$date" : "2016-05-27T12:43:44.000+0000" } } }, "min_monthly_spend_msg" : 10, "min_monthly_spend_kb" : 10, "min_monthly_spend_api" : 10, "bill_rollover_day" : 10, "payment_in_arrears" : 10, "arrears_limit" : 10, "account_balance" : 10, "payment_account_id" : 10, "contract_template_end_of_life" : { "date" : "2020-05-10T14:52:10Z" } }
{ "_id" : { "$oid" : "584065865e94e5565c427d63" }, "contract_duration_months" : 24, "contract_type" : "postpay_usage", "min_devices" : 1, "signed" : 1, "state" : 1, "tariff_id" : "583ccf0d5e94e54cb4245ab0", "contract_number" : 10, "region_id" : "57483cec6f1cad0a54716506", "customer_id" : "57506a6fcaef4f3b44daebe4", "contract_terms" : { "contentType" : "pdf", "chunkSize" : 2222, "length" : 222, "filename" : "iaosdfasifd.pdf", "createDate" : { "date" : { "$date" : "2011-05-10T14:52:10.000+0000" } } }, "min_monthly_spend_msg" : 10, "min_monthly_spend_kb" : 10, "min_monthly_spend_api" : 10, "bill_rollover_day" : 10, "payment_in_arrears" : 10, "arrears_limit" : 10, "account_balance" : 10, "payment_account_id" : 10, "contract_template_end_of_life" : { "date" : "2011-05-10T14:52:10Z" } }
{ "_id" : { "$oid" : "584065dd5e94e5565c427d65" }, "contract_duration_months" : 24, "contract_type" : "postpay_usage", "min_devices" : 0, "signed" : 1, "state" : 1, "tariff_id" : "5840608a5e94e5565c427d59", "contract_number" : 10, "region_id" : "583df7e45e94e5565c427d2e", "customer_id" : "583e096f5e94e5565c427d3e", "contract_terms" : { "contentType" : "pdf", "chunkSize" : 2222, "length" : 222, "filename" : "iaosdfasifd.pdf", "createDate" : { "date" : { "$date" : "2016-05-10T14:52:10.000+0000" } } }, "min_monthly_spend_msg" : 10, "min_monthly_spend_kb" : 10, "min_monthly_spend_api" : 10, "bill_rollover_day" : 10, "payment_in_arrears" : 10, "arrears_limit" : 10, "account_balance" : 10, "payment_account_id" : 10, "contract_template_end_of_life" : { "date" : "2011-05-10T14:52:10Z" } }
{ "_id" : { "$oid" : "584066b15e94e5565c427d69" }, "contract_duration_months" : 24, "contract_type" : "postpay_usage", "min_devices" : 0, "signed" : 1, "state" : 1, "tariff_id" : "", "contract_number" : 10, "region_id" : "583df7e45e94e5565c427d2e", "customer_id" : "583e096f5e94e5565c427d3e", "contract_terms" : { "contentType" : "pdf", "chunkSize" : 2222, "length" : 222, "filename" : "iaosdfasifd.pdf", "createDate" : { "date" : { "$date" : "2016-05-10T14:52:10.000+0000" } } }, "min_monthly_spend_msg" : 10, "min_monthly_spend_kb" : 10, "min_monthly_spend_api" : 10, "bill_rollover_day" : 10, "payment_in_arrears" : 10, "arrears_limit" : 10, "account_balance" : 10, "payment_account_id" : 10, "contract_template_end_of_life" : { "date" : "2011-05-10T14:52:10Z" } }
{ "_id" : { "$oid" : "584073315e94e5565c427d8b" }, "contract_duration_months" : 24, "contract_type" : "postpay_usage", "min_devices" : 0, "signed" : 1, "state" : 1, "tariff_id" : "584072c55e94e5565c427d88", "contract_number" : 10, "region_id" : "583df7e45e94e5565c427d2e", "customer_id" : "583dfa535e94e5565c427d34", "contract_terms" : { "contentType" : "pdf", "chunkSize" : 2222, "length" : 222, "filename" : "iaosdfasifd.pdf", "createDate" : { "date" : { "$date" : "2016-05-10T14:52:10.000+0000" } } }, "min_monthly_spend_msg" : 10, "min_monthly_spend_kb" : 10, "min_monthly_spend_api" : 10, "bill_rollover_day" : 10, "payment_in_arrears" : 10, "arrears_limit" : 10, "account_balance" : 10, "payment_account_id" : 10, "contract_template_end_of_life" : { "date" : "2011-05-10T14:52:10Z" } }
