{ "_id" : { "$oid" : "575da4fe7f0857fb5daeab54" }, "udid" : "4344444444444444444", "customer_id" : { "$oid" : "57506a6fcaef4f3b44daebe4" }, "service_template_id" : "2", "tariff_profile_id" : "5748337a6f1cad0a547164e0", "imsi" : "5012878239893822", "ip" : "100.100.100.1", "Ipv6" : null, "Ipv6-delegate" : null, "imei" : "302020303030033", "session_time" : "Sun Jun 12 2016 19:07:58 GMT+0100 (BST)", "access_network" : 8, "network_label_id" : { "$oid" : "5748394a6f1cad0a547164f4" }, "network_label_name" : "doodle", "bearer_type" : null, "session_type" : "Access-Request", "Acct-Status-Type" : null, "Acct-Input-Octets" : null, "Acct-Output-Octets" : null, "Acct-Input-Packets" : null, "Acct-Output-Packets" : null, "User-Name" : "dev001", "User-Password" : "dev001pass", "NAS-IP-Address" : null, "NAS-Ipv6-Address" : null, "NAS-Identifier" : null, "Service-Type" : null, "Framed-Service-Type" : null, "Framed-Protocol" : null, "Delegated-Ipv6-Prefix" : null, "Framed-Interface-Id" : null, "Class" : null, "Called-Station-Id" : null, "NAS-Port-Type" : null, "Acct-Terminate-Cause" : null, "Acct-Session-Id" : null, "Acct-Authentic" : null, "Acct-Delay-Time" : null, "Acct-Session-Time" : null, "3GPP-IMSI" : "5012878239893822", "3GPP-Charging-Id" : null, "3GPP-PDP-Type" : null, "3GPP-CG-Address" : null, "3GPP-GPRS-Negotiated-QoS-Profile" : null, "3GPP-SGSN-Address" : null, "3GPP-GGSN-Address" : null, "3GPP-IMSI-MCC-MNC" : null, "3GPP-GGSN-MCC-MNC" : null, "3GPP-NSAPI" : null, "3GPP-Session-Stop-Indicator" : null, "3GPP-Selection-Mode" : null, "3GPP-Charging-Characteristics" : null, "3GPP-CG-Ipv6-Address" : null, "3GPP-SGSN-Ipv6-Address" : null, "3GPP-GGSN-Ipv6-Address" : null, "3GPP-SGSN-MCC-MNC" : null, "3GPP-IMEISV" : "302020303030033", "3GPP-RAT-Type" : 8, "3GPP-User-Location-Info" : null, "3GPP-MS-TimeZone" : null, "3GPP-Packet-Filter" : null, "3GPP-Negotiated-DSCP" : null, "3GPP-Teardown-Indicator" : null, "3GPP-User-Location-Info-Time" : null, "3GPP-CAMEL-Charging-Info" : null, "3GPP-Allocate-IP-Type" : null, "External-Identifier" : null, "TWAN-Identifier" : null, "Framed-Ipv6-Pool" : null, "Framed-MTU" : null, "Session-Timeout" : null, "Idle-Timeout" : null, "MS-Primary-DNS-Server" : null, "MS-Secondary-DNS-Server" : null, "MS-Primary-NBNS-Server" : null, "MS-Secondary-NBNS-Server" : null }
