{ "_id" : { "$oid" : "5748337a6f1cad0a547164e0" }, "name" : "cltariff100", "unit" : "$", "state" : 1, "region_id" : "57483cec6f1cad0a54716506", "customer_id" : "57506a6fcaef4f3b44daebe4", "date_created" : { "date" : { "$date" : "2016-05-27T11:46:20.977+0000" } }, "amount_per_msg" : 1, "amount_per_kbyte" : 1, "amount_per_api" : 1, "max_api_calls_per_min" : 100, "max_queue_duration" : 10, "max_delivery_retries" : 5, "delivery_ack_permitted" : 0, "device_revalidation_interval" : 10, "zero_quota_max_queue_duration" : 10, "submitted_msg_flushout_delay" : 10, "max_payload_kbytes" : 444, "max_payload_exceeded_action" : 0 }
{ "_id" : { "$oid" : "583ccf0d5e94e54cb4245ab0" }, "name" : "1234eweee", "unit" : "$", "state" : 1, "region_id" : "57483cec6f1cad0a54716506", "customer_id" : "57506a6fcaef4f3b44daebe4", "date_created" : { "date" : { "$date" : "2016-05-27T11:46:20.977+0000" } }, "amount_per_msg" : 1, "amount_per_kbyte" : 1, "amount_per_api" : 1, "max_api_calls_per_min" : 100, "max_queue_duration" : 10, "max_delivery_retries" : 5, "delivery_ack_permitted" : 0, "device_revalidation_interval" : 10, "zero_quota_max_queue_duration" : 10, "submitted_msg_flushout_delay" : 10, "max_payload_kbytes" : 444, "max_payload_exceeded_action" : 0 }
{ "_id" : { "$oid" : "583e0e365e94e5565c427d40" }, "name" : "subcust-oneman-tariff", "unit" : "$", "state" : 1, "region_id" : "583df7e45e94e5565c427d2e", "customer_id" : "583e096f5e94e5565c427d3e", "date_created" : { "date" : { "$date" : "2016-05-27T11:46:20.977+0000" } }, "amount_per_msg" : 1, "amount_per_kbyte" : 1, "amount_per_api" : 1, "max_api_calls_per_min" : 100, "max_queue_duration" : 10, "max_delivery_retries" : 5, "delivery_ack_permitted" : 0, "device_revalidation_interval" : 10, "zero_quota_max_queue_duration" : 10, "submitted_msg_flushout_delay" : 10, "max_payload_kbytes" : 444, "max_payload_exceeded_action" : 0 }
{ "_id" : { "$oid" : "5840608a5e94e5565c427d59" }, "name" : "test-tarr", "unit" : "£", "state" : 1, "region_id" : "57483cec6f1cad0a54716506", "customer_id" : "583e096f5e94e5565c427d3e", "date_created" : { "date" : { "$date" : "2016-05-27T11:46:20.977+0000" } }, "amount_per_msg" : 1, "amount_per_kbyte" : 1, "amount_per_api" : 1, "max_api_calls_per_min" : 100, "max_queue_duration" : 10, "max_delivery_retries" : 5, "delivery_ack_permitted" : 0, "device_revalidation_interval" : 10, "zero_quota_max_queue_duration" : 10, "submitted_msg_flushout_delay" : 10, "max_payload_kbytes" : 444, "max_payload_exceeded_action" : 0 }
{ "_id" : { "$oid" : "584063385e94e5565c427d5f" }, "name" : "reseller-drift-tarr", "unit" : "£", "state" : 1, "region_id" : "583df7e45e94e5565c427d2e", "customer_id" : "583e04b25e94e5565c427d3a", "date_created" : { "date" : { "$date" : "2016-05-27T11:46:20.977+0000" } }, "amount_per_msg" : 1, "amount_per_kbyte" : 1, "amount_per_api" : 1, "max_api_calls_per_min" : 100, "max_queue_duration" : 10, "max_delivery_retries" : 5, "delivery_ack_permitted" : 0, "device_revalidation_interval" : 10, "zero_quota_max_queue_duration" : 10, "submitted_msg_flushout_delay" : 10, "max_payload_kbytes" : 444, "max_payload_exceeded_action" : 0 }
{ "_id" : { "$oid" : "584072c55e94e5565c427d88" }, "name" : "Tellon6-Ltd-tarr001", "unit" : "N", "state" : 1, "region_id" : "583df7e45e94e5565c427d2e", "customer_id" : "583dfa535e94e5565c427d34", "date_created" : { "date" : { "$date" : "2016-05-27T11:46:20.977+0000" } }, "amount_per_msg" : 1, "amount_per_kbyte" : 1, "amount_per_api" : 1, "max_api_calls_per_min" : 100, "max_queue_duration" : 10, "max_delivery_retries" : 5, "delivery_ack_permitted" : 0, "device_revalidation_interval" : 10, "zero_quota_max_queue_duration" : 10, "submitted_msg_flushout_delay" : 10, "max_payload_kbytes" : 444, "max_payload_exceeded_action" : 0 }
