{ "_id" : { "$oid" : "583ccd2c5e94e54cb4245aac" }, "udid" : "4344444444444444444", "customer_id" : "57506a6fcaef4f3b44daebe4", "service_template_id" : "5", "ip" : "", "imei" : "", "imsi" : "", "iccid" : "", "euiccid" : "", "session_trace_id" : "547382943fc884447a767d58", "payload_arrival_time" : "", "delivery_priority" : 0, "queue_entry_time" : { "date" : "2011-05-10T14:52:10Z" }, "max_queue_duration" : 0, "delivery_type" : "", "delivery_ack_required" : 0, "delivery_method" : "", "delivery_topic" : "", "transaction_type" : "", "payload" : { "id" : "547382943fc884447a767d58", "content" : "BINARY", "length" : "", "application_protocol" : "", "data" : [ { "buffer" : { "$binary" : "LwA5AGoALwA0AEEAQQBRAFMAawBaAEoAUgBnAEEAQgBBAFEAQQBBAEEAUQBBAEIAQQBBAEQALwA=", "$type" : "00" } } ] }, "network_label" : { "network_label_id" : 5, "network_label_name" : "xyz" }, "submit_attempt_count" : 0, "submit_attempt_time" : { "date" : "2011-05-10T14:52:10Z" }, "msg_submit_time" : { "date" : "2011-05-10T14:52:10Z" }, "msg_submit_ack_time" : { "date" : "2011-05-10T14:52:10Z" }, "msg_submit_status" : "d", "feserver_id" : { "$oid" : "547382943fc884447a767d51" }, "beserver_id" : { "$oid" : "547382943fc884447a767d51" }, "default_profile" : 0, "transaction_split_by" : "d", "transaction_split_match" : "d", "connection_profile_selected" : "547382943fc884447a767d58", "rating_group" : 1, "customer_backhaul_used" : "d", "tariff_profile_id" : "547382943fc884447a767d58", "jheader" : {  } }
{ "_id" : { "$oid" : "583cce215e94e54cb4245aae" }, "udid" : "", "customer_id" : "57506a6fcaef4f3b44daebe4", "service_template_id" : "5", "ip" : "", "imei" : "302020303030033", "imsi" : "", "iccid" : "", "euiccid" : "", "session_trace_id" : "547382943fc884447a767d58", "payload_arrival_time" : "", "delivery_priority" : 0, "queue_entry_time" : { "date" : "2011-05-10T14:52:10Z" }, "max_queue_duration" : 0, "delivery_type" : "", "delivery_ack_required" : 0, "delivery_method" : "", "delivery_topic" : "", "transaction_type" : "", "payload" : { "id" : "547382943fc884447a767d58", "content" : "JSON", "length" : "", "application_protocol" : "", "data" : [ { "buffer" : { "$binary" : "LwA5AGoALwA0AEEAQQBRAFMAawBaAEoAUgBnAEEAQgBBAFEAQQBBAEEAUQBBAEIAQQBBAEQALwA=", "$type" : "00" } } ] }, "network_label" : { "network_label_id" : 5, "network_label_name" : "xyz" }, "submit_attempt_count" : 0, "submit_attempt_time" : { "date" : "2011-05-10T14:52:10Z" }, "msg_submit_time" : { "date" : "2011-05-10T14:52:10Z" }, "msg_submit_ack_time" : { "date" : "2011-05-10T14:52:10Z" }, "msg_submit_status" : "d", "feserver_id" : { "$oid" : "547382943fc884447a767d51" }, "beserver_id" : { "$oid" : "547382943fc884447a767d51" }, "default_profile" : 0, "transaction_split_by" : "d", "transaction_split_match" : "d", "connection_profile_selected" : "547382943fc884447a767d58", "rating_group" : 1, "customer_backhaul_used" : "d", "tariff_profile_id" : "547382943fc884447a767d58", "jheader" : {  } }
{ "_id" : { "$oid" : "583cd0bf5e94e54cb4245ab6" }, "udid" : "", "customer_id" : "57506a6fcaef4f3b44daebe4", "service_template_id" : "5", "ip" : "", "imei" : "", "imsi" : "5012878239893822", "iccid" : "", "euiccid" : "", "session_trace_id" : "547382943fc884447a767d58", "payload_arrival_time" : "", "delivery_priority" : 0, "queue_entry_time" : { "date" : "2011-05-10T14:52:10Z" }, "max_queue_duration" : 0, "delivery_type" : "", "delivery_ack_required" : 0, "delivery_method" : "", "delivery_topic" : "", "transaction_type" : "", "payload" : { "id" : "547382943fc884447a767d58", "content" : "ASCII", "length" : "", "application_protocol" : "", "data" : [ { "buffer" : { "$binary" : "LwA5AGoALwA0AEEAQQBRAFMAawBaAEoAUgBnAEEAQgBBAFEAQQBBAEEAUQBBAEIAQQBBAEQALwA=", "$type" : "00" } } ] }, "network_label" : { "network_label_id" : 5, "network_label_name" : "xyz" }, "submit_attempt_count" : 0, "submit_attempt_time" : { "date" : "2011-05-10T14:52:10Z" }, "msg_submit_time" : { "date" : "2011-05-10T14:52:10Z" }, "msg_submit_ack_time" : { "date" : "2011-05-10T14:52:10Z" }, "msg_submit_status" : "d", "feserver_id" : { "$oid" : "547382943fc884447a767d51" }, "beserver_id" : { "$oid" : "547382943fc884447a767d51" }, "default_profile" : 0, "transaction_split_by" : "d", "transaction_split_match" : "d", "connection_profile_selected" : "547382943fc884447a767d58", "rating_group" : 1, "customer_backhaul_used" : "d", "tariff_profile_id" : "547382943fc884447a767d58", "jheader" : {  } }
{ "_id" : { "$oid" : "583cd0d75e94e54cb4245ab8" }, "udid" : "", "customer_id" : "57506a6fcaef4f3b44daebe4", "service_template_id" : "5", "ip" : "", "imei" : "302020303030033", "imsi" : "", "iccid" : "", "euiccid" : "", "session_trace_id" : "547382943fc884447a767d58", "payload_arrival_time" : "", "delivery_priority" : 0, "queue_entry_time" : { "date" : "2011-05-10T14:52:10Z" }, "max_queue_duration" : 0, "delivery_type" : "", "delivery_ack_required" : 0, "delivery_method" : "", "delivery_topic" : "", "transaction_type" : "", "payload" : { "id" : "547382943fc884447a767d58", "content" : "JSON", "length" : "", "application_protocol" : "", "data" : [ { "buffer" : { "$binary" : "LwA5AGoALwA0AEEAQQBRAFMAawBaAEoAUgBnAEEAQgBBAFEAQQBBAEEAUQBBAEIAQQBBAEQALwA=", "$type" : "00" } } ] }, "network_label" : { "network_label_id" : 5, "network_label_name" : "xyz" }, "submit_attempt_count" : 0, "submit_attempt_time" : { "date" : "2011-05-10T14:52:10Z" }, "msg_submit_time" : { "date" : "2011-05-10T14:52:10Z" }, "msg_submit_ack_time" : { "date" : "2011-05-10T14:52:10Z" }, "msg_submit_status" : "d", "feserver_id" : { "$oid" : "547382943fc884447a767d51" }, "beserver_id" : { "$oid" : "547382943fc884447a767d51" }, "default_profile" : 0, "transaction_split_by" : "d", "transaction_split_match" : "d", "connection_profile_selected" : "547382943fc884447a767d58", "rating_group" : 1, "customer_backhaul_used" : "d", "tariff_profile_id" : "547382943fc884447a767d58", "jheader" : {  } }
